PatientID,FirstName,LastName,Email,Phone,Address
1,Patient1,Last1,patient1@email.com,555-0001,"1 Street, City2"
2,Patient2,Last2,patient2@email.com,555-0002,"2 Street, City3"
3,Patient3,Last3,patient3@email.com,555-0003,"3 Street, City4"
4,Patient4,Last4,patient4@email.com,555-0004,"4 Street, City5"
5,Patient5,Last5,patient5@email.com,555-0005,"5 Street, City1"
6,Patient6,Last6,patient6@email.com,555-0006,"6 Street, City2"
7,Patient7,Last7,patient7@email.com,555-0007,"7 Street, City3"
8,Patient8,Last8,patient8@email.com,555-0008,"8 Street, City4"
9,Patient9,Last9,patient9@email.com,555-0009,"9 Street, City5"
10,Patient10,Last10,patient10@email.com,555-0010,"10 Street, City1"
11,Patient11,Last11,patient11@email.com,555-0011,"11 Street, City2"
12,Patient12,Last12,patient12@email.com,555-0012,"12 Street, City3"
13,Patient13,Last13,patient13@email.com,555-0013,"13 Street, City4"
14,Patient14,Last14,patient14@email.com,555-0014,"14 Street, City5"
15,Patient15,Last15,patient15@email.com,555-0015,"15 Street, City1"
16,Patient16,Last16,patient16@email.com,555-0016,"16 Street, City2"
17,Patient17,Last17,patient17@email.com,555-0017,"17 Street, City3"
18,Patient18,Last18,patient18@email.com,555-0018,"18 Street, City4"
19,Patient19,Last19,patient19@email.com,555-0019,"19 Street, City5"
20,Patient20,Last20,patient20@email.com,555-0020,"20 Street, City1"
21,Patient21,Last21,patient21@email.com,555-0021,"21 Street, City2"
22,Patient22,Last22,patient22@email.com,555-0022,"22 Street, City3"
23,Patient23,Last23,patient23@email.com,555-0023,"23 Street, City4"
24,Patient24,Last24,patient24@email.com,555-0024,"24 Street, City5"
25,Patient25,Last25,patient25@email.com,555-0025,"25 Street, City1"
26,Patient26,Last26,patient26@email.com,555-0026,"26 Street, City2"
27,Patient27,Last27,patient27@email.com,555-0027,"27 Street, City3"
28,Patient28,Last28,patient28@email.com,555-0028,"28 Street, City4"
29,Patient29,Last29,patient29@email.com,555-0029,"29 Street, City5"
30,Patient30,Last30,patient30@email.com,555-0030,"30 Street, City1"
31,Patient31,Last31,patient31@email.com,555-0031,"31 Street, City2"
32,Patient32,Last32,patient32@email.com,555-0032,"32 Street, City3"
33,Patient33,Last33,patient33@email.com,555-0033,"33 Street, City4"
34,Patient34,Last34,patient34@email.com,555-0034,"34 Street, City5"
35,Patient35,Last35,patient35@email.com,555-0035,"35 Street, City1"
36,Patient36,Last36,patient36@email.com,555-0036,"36 Street, City2"
37,Patient37,Last37,patient37@email.com,555-0037,"37 Street, City3"
38,Patient38,Last38,patient38@email.com,555-0038,"38 Street, City4"
39,Patient39,Last39,patient39@email.com,555-0039,"39 Street, City5"
40,Patient40,Last40,patient40@email.com,555-0040,"40 Street, City1"
41,Patient41,Last41,patient41@email.com,555-0041,"41 Street, City2"
42,Patient42,Last42,patient42@email.com,555-0042,"42 Street, City3"
43,Patient43,Last43,patient43@email.com,555-0043,"43 Street, City4"
44,Patient44,Last44,patient44@email.com,555-0044,"44 Street, City5"
45,Patient45,Last45,patient45@email.com,555-0045,"45 Street, City1"
46,Patient46,Last46,patient46@email.com,555-0046,"46 Street, City2"
47,Patient47,Last47,patient47@email.com,555-0047,"47 Street, City3"
48,Patient48,Last48,patient48@email.com,555-0048,"48 Street, City4"
49,Patient49,Last49,patient49@email.com,555-0049,"49 Street, City5"
50,Patient50,Last50,patient50@email.com,555-0050,"50 Street, City1"
51,Patient51,Last51,patient51@email.com,555-0051,"51 Street, City2"
52,Patient52,Last52,patient52@email.com,555-0052,"52 Street, City3"
53,Patient53,Last53,patient53@email.com,555-0053,"53 Street, City4"
54,Patient54,Last54,patient54@email.com,555-0054,"54 Street, City5"
55,Patient55,Last55,patient55@email.com,555-0055,"55 Street, City1"
56,Patient56,Last56,patient56@email.com,555-0056,"56 Street, City2"
57,Patient57,Last57,patient57@email.com,555-0057,"57 Street, City3"
58,Patient58,Last58,patient58@email.com,555-0058,"58 Street, City4"
59,Patient59,Last59,patient59@email.com,555-0059,"59 Street, City5"
60,Patient60,Last60,patient60@email.com,555-0060,"60 Street, City1"
61,Patient61,Last61,patient61@email.com,555-0061,"61 Street, City2"
62,Patient62,Last62,patient62@email.com,555-0062,"62 Street, City3"
63,Patient63,Last63,patient63@email.com,555-0063,"63 Street, City4"
64,Patient64,Last64,patient64@email.com,555-0064,"64 Street, City5"
65,Patient65,Last65,patient65@email.com,555-0065,"65 Street, City1"
66,Patient66,Last66,patient66@email.com,555-0066,"66 Street, City2"
67,Patient67,Last67,patient67@email.com,555-0067,"67 Street, City3"
68,Patient68,Last68,patient68@email.com,555-0068,"68 Street, City4"
69,Patient69,Last69,patient69@email.com,555-0069,"69 Street, City5"
70,Patient70,Last70,patient70@email.com,555-0070,"70 Street, City1"
71,Patient71,Last71,patient71@email.com,555-0071,"71 Street, City2"
72,Patient72,Last72,patient72@email.com,555-0072,"72 Street, City3"
73,Patient73,Last73,patient73@email.com,555-0073,"73 Street, City4"
74,Patient74,Last74,patient74@email.com,555-0074,"74 Street, City5"
75,Patient75,Last75,patient75@email.com,555-0075,"75 Street, City1"
76,Patient76,Last76,patient76@email.com,555-0076,"76 Street, City2"
77,Patient77,Last77,patient77@email.com,555-0077,"77 Street, City3"
78,Patient78,Last78,patient78@email.com,555-0078,"78 Street, City4"
79,Patient79,Last79,patient79@email.com,555-0079,"79 Street, City5"
80,Patient80,Last80,patient80@email.com,555-0080,"80 Street, City1"
81,Patient81,Last81,patient81@email.com,555-0081,"81 Street, City2"
82,Patient82,Last82,patient82@email.com,555-0082,"82 Street, City3"
83,Patient83,Last83,patient83@email.com,555-0083,"83 Street, City4"
84,Patient84,Last84,patient84@email.com,555-0084,"84 Street, City5"
85,Patient85,Last85,patient85@email.com,555-0085,"85 Street, City1"
86,Patient86,Last86,patient86@email.com,555-0086,"86 Street, City2"
87,Patient87,Last87,patient87@email.com,555-0087,"87 Street, City3"
88,Patient88,Last88,patient88@email.com,555-0088,"88 Street, City4"
89,Patient89,Last89,patient89@email.com,555-0089,"89 Street, City5"
90,Patient90,Last90,patient90@email.com,555-0090,"90 Street, City1"
91,Patient91,Last91,patient91@email.com,555-0091,"91 Street, City2"
92,Patient92,Last92,patient92@email.com,555-0092,"92 Street, City3"
93,Patient93,Last93,patient93@email.com,555-0093,"93 Street, City4"
94,Patient94,Last94,patient94@email.com,555-0094,"94 Street, City5"
95,Patient95,Last95,patient95@email.com,555-0095,"95 Street, City1"
96,Patient96,Last96,patient96@email.com,555-0096,"96 Street, City2"
97,Patient97,Last97,patient97@email.com,555-0097,"97 Street, City3"
98,Patient98,Last98,patient98@email.com,555-0098,"98 Street, City4"
99,Patient99,Last99,patient99@email.com,555-0099,"99 Street, City5"
100,Patient100,Last100,patient100@email.com,555-0100,"100 Street, City1"
101,Patient101,Last101,patient101@email.com,555-0101,"101 Street, City2"
102,Patient102,Last102,patient102@email.com,555-0102,"102 Street, City3"
103,Patient103,Last103,patient103@email.com,555-0103,"103 Street, City4"
104,Patient104,Last104,patient104@email.com,555-0104,"104 Street, City5"
105,Patient105,Last105,patient105@email.com,555-0105,"105 Street, City1"
106,Patient106,Last106,patient106@email.com,555-0106,"106 Street, City2"
107,Patient107,Last107,patient107@email.com,555-0107,"107 Street, City3"
108,Patient108,Last108,patient108@email.com,555-0108,"108 Street, City4"
109,Patient109,Last109,patient109@email.com,555-0109,"109 Street, City5"
110,Patient110,Last110,patient110@email.com,555-0110,"110 Street, City1"
111,Patient111,Last111,patient111@email.com,555-0111,"111 Street, City2"
112,Patient112,Last112,patient112@email.com,555-0112,"112 Street, City3"
113,Patient113,Last113,patient113@email.com,555-0113,"113 Street, City4"
114,Patient114,Last114,patient114@email.com,555-0114,"114 Street, City5"
115,Patient115,Last115,patient115@email.com,555-0115,"115 Street, City1"
116,Patient116,Last116,patient116@email.com,555-0116,"116 Street, City2"
117,Patient117,Last117,patient117@email.com,555-0117,"117 Street, City3"
118,Patient118,Last118,patient118@email.com,555-0118,"118 Street, City4"
119,Patient119,Last119,patient119@email.com,555-0119,"119 Street, City5"
120,Patient120,Last120,patient120@email.com,555-0120,"120 Street, City1"
121,Patient121,Last121,patient121@email.com,555-0121,"121 Street, City2"
122,Patient122,Last122,patient122@email.com,555-0122,"122 Street, City3"
123,Patient123,Last123,patient123@email.com,555-0123,"123 Street, City4"
124,Patient124,Last124,patient124@email.com,555-0124,"124 Street, City5"
125,Patient125,Last125,patient125@email.com,555-0125,"125 Street, City1"
126,Patient126,Last126,patient126@email.com,555-0126,"126 Street, City2"
127,Patient127,Last127,patient127@email.com,555-0127,"127 Street, City3"
128,Patient128,Last128,patient128@email.com,555-0128,"128 Street, City4"
129,Patient129,Last129,patient129@email.com,555-0129,"129 Street, City5"
130,Patient130,Last130,patient130@email.com,555-0130,"130 Street, City1"
131,Patient131,Last131,patient131@email.com,555-0131,"131 Street, City2"
132,Patient132,Last132,patient132@email.com,555-0132,"132 Street, City3"
133,Patient133,Last133,patient133@email.com,555-0133,"133 Street, City4"
134,Patient134,Last134,patient134@email.com,555-0134,"134 Street, City5"
135,Patient135,Last135,patient135@email.com,555-0135,"135 Street, City1"
136,Patient136,Last136,patient136@email.com,555-0136,"136 Street, City2"
137,Patient137,Last137,patient137@email.com,555-0137,"137 Street, City3"
138,Patient138,Last138,patient138@email.com,555-0138,"138 Street, City4"
139,Patient139,Last139,patient139@email.com,555-0139,"139 Street, City5"
140,Patient140,Last140,patient140@email.com,555-0140,"140 Street, City1"
141,Patient141,Last141,patient141@email.com,555-0141,"141 Street, City2"
142,Patient142,Last142,patient142@email.com,555-0142,"142 Street, City3"
143,Patient143,Last143,patient143@email.com,555-0143,"143 Street, City4"
144,Patient144,Last144,patient144@email.com,555-0144,"144 Street, City5"
145,Patient145,Last145,patient145@email.com,555-0145,"145 Street, City1"
146,Patient146,Last146,patient146@email.com,555-0146,"146 Street, City2"
147,Patient147,Last147,patient147@email.com,555-0147,"147 Street, City3"
148,Patient148,Last148,patient148@email.com,555-0148,"148 Street, City4"
149,Patient149,Last149,patient149@email.com,555-0149,"149 Street, City5"
150,Patient150,Last150,patient150@email.com,555-0150,"150 Street, City1"
151,Patient151,Last151,patient151@email.com,555-0151,"151 Street, City2"
152,Patient152,Last152,patient152@email.com,555-0152,"152 Street, City3"
153,Patient153,Last153,patient153@email.com,555-0153,"153 Street, City4"
154,Patient154,Last154,patient154@email.com,555-0154,"154 Street, City5"
155,Patient155,Last155,patient155@email.com,555-0155,"155 Street, City1"
156,Patient156,Last156,patient156@email.com,555-0156,"156 Street, City2"
157,Patient157,Last157,patient157@email.com,555-0157,"157 Street, City3"
158,Patient158,Last158,patient158@email.com,555-0158,"158 Street, City4"
159,Patient159,Last159,patient159@email.com,555-0159,"159 Street, City5"
160,Patient160,Last160,patient160@email.com,555-0160,"160 Street, City1"
161,Patient161,Last161,patient161@email.com,555-0161,"161 Street, City2"
162,Patient162,Last162,patient162@email.com,555-0162,"162 Street, City3"
163,Patient163,Last163,patient163@email.com,555-0163,"163 Street, City4"
164,Patient164,Last164,patient164@email.com,555-0164,"164 Street, City5"
165,Patient165,Last165,patient165@email.com,555-0165,"165 Street, City1"
166,Patient166,Last166,patient166@email.com,555-0166,"166 Street, City2"
167,Patient167,Last167,patient167@email.com,555-0167,"167 Street, City3"
168,Patient168,Last168,patient168@email.com,555-0168,"168 Street, City4"
169,Patient169,Last169,patient169@email.com,555-0169,"169 Street, City5"
170,Patient170,Last170,patient170@email.com,555-0170,"170 Street, City1"
171,Patient171,Last171,patient171@email.com,555-0171,"171 Street, City2"
172,Patient172,Last172,patient172@email.com,555-0172,"172 Street, City3"
173,Patient173,Last173,patient173@email.com,555-0173,"173 Street, City4"
174,Patient174,Last174,patient174@email.com,555-0174,"174 Street, City5"
175,Patient175,Last175,patient175@email.com,555-0175,"175 Street, City1"
176,Patient176,Last176,patient176@email.com,555-0176,"176 Street, City2"
177,Patient177,Last177,patient177@email.com,555-0177,"177 Street, City3"
178,Patient178,Last178,patient178@email.com,555-0178,"178 Street, City4"
179,Patient179,Last179,patient179@email.com,555-0179,"179 Street, City5"
180,Patient180,Last180,patient180@email.com,555-0180,"180 Street, City1"
181,Patient181,Last181,patient181@email.com,555-0181,"181 Street, City2"
182,Patient182,Last182,patient182@email.com,555-0182,"182 Street, City3"
183,Patient183,Last183,patient183@email.com,555-0183,"183 Street, City4"
184,Patient184,Last184,patient184@email.com,555-0184,"184 Street, City5"
185,Patient185,Last185,patient185@email.com,555-0185,"185 Street, City1"
186,Patient186,Last186,patient186@email.com,555-0186,"186 Street, City2"
187,Patient187,Last187,patient187@email.com,555-0187,"187 Street, City3"
188,Patient188,Last188,patient188@email.com,555-0188,"188 Street, City4"
189,Patient189,Last189,patient189@email.com,555-0189,"189 Street, City5"
190,Patient190,Last190,patient190@email.com,555-0190,"190 Street, City1"
191,Patient191,Last191,patient191@email.com,555-0191,"191 Street, City2"
192,Patient192,Last192,patient192@email.com,555-0192,"192 Street, City3"
193,Patient193,Last193,patient193@email.com,555-0193,"193 Street, City4"
194,Patient194,Last194,patient194@email.com,555-0194,"194 Street, City5"
195,Patient195,Last195,patient195@email.com,555-0195,"195 Street, City1"
196,Patient196,Last196,patient196@email.com,555-0196,"196 Street, City2"
197,Patient197,Last197,patient197@email.com,555-0197,"197 Street, City3"
198,Patient198,Last198,patient198@email.com,555-0198,"198 Street, City4"
199,Patient199,Last199,patient199@email.com,555-0199,"199 Street, City5"
200,Patient200,Last200,patient200@email.com,555-0200,"200 Street, City1"
201,Patient201,Last201,patient201@email.com,555-0201,"201 Street, City2"
202,Patient202,Last202,patient202@email.com,555-0202,"202 Street, City3"
203,Patient203,Last203,patient203@email.com,555-0203,"203 Street, City4"
204,Patient204,Last204,patient204@email.com,555-0204,"204 Street, City5"
205,Patient205,Last205,patient205@email.com,555-0205,"205 Street, City1"
206,Patient206,Last206,patient206@email.com,555-0206,"206 Street, City2"
207,Patient207,Last207,patient207@email.com,555-0207,"207 Street, City3"
208,Patient208,Last208,patient208@email.com,555-0208,"208 Street, City4"
209,Patient209,Last209,patient209@email.com,555-0209,"209 Street, City5"
210,Patient210,Last210,patient210@email.com,555-0210,"210 Street, City1"
211,Patient211,Last211,patient211@email.com,555-0211,"211 Street, City2"
212,Patient212,Last212,patient212@email.com,555-0212,"212 Street, City3"
213,Patient213,Last213,patient213@email.com,555-0213,"213 Street, City4"
214,Patient214,Last214,patient214@email.com,555-0214,"214 Street, City5"
215,Patient215,Last215,patient215@email.com,555-0215,"215 Street, City1"
216,Patient216,Last216,patient216@email.com,555-0216,"216 Street, City2"
217,Patient217,Last217,patient217@email.com,555-0217,"217 Street, City3"
218,Patient218,Last218,patient218@email.com,555-0218,"218 Street, City4"
219,Patient219,Last219,patient219@email.com,555-0219,"219 Street, City5"
220,Patient220,Last220,patient220@email.com,555-0220,"220 Street, City1"
221,Patient221,Last221,patient221@email.com,555-0221,"221 Street, City2"
222,Patient222,Last222,patient222@email.com,555-0222,"222 Street, City3"
223,Patient223,Last223,patient223@email.com,555-0223,"223 Street, City4"
224,Patient224,Last224,patient224@email.com,555-0224,"224 Street, City5"
225,Patient225,Last225,patient225@email.com,555-0225,"225 Street, City1"
226,Patient226,Last226,patient226@email.com,555-0226,"226 Street, City2"
227,Patient227,Last227,patient227@email.com,555-0227,"227 Street, City3"
228,Patient228,Last228,patient228@email.com,555-0228,"228 Street, City4"
229,Patient229,Last229,patient229@email.com,555-0229,"229 Street, City5"
230,Patient230,Last230,patient230@email.com,555-0230,"230 Street, City1"
231,Patient231,Last231,patient231@email.com,555-0231,"231 Street, City2"
232,Patient232,Last232,patient232@email.com,555-0232,"232 Street, City3"
233,Patient233,Last233,patient233@email.com,555-0233,"233 Street, City4"
234,Patient234,Last234,patient234@email.com,555-0234,"234 Street, City5"
235,Patient235,Last235,patient235@email.com,555-0235,"235 Street, City1"
236,Patient236,Last236,patient236@email.com,555-0236,"236 Street, City2"
237,Patient237,Last237,patient237@email.com,555-0237,"237 Street, City3"
238,Patient238,Last238,patient238@email.com,555-0238,"238 Street, City4"
239,Patient239,Last239,patient239@email.com,555-0239,"239 Street, City5"
240,Patient240,Last240,patient240@email.com,555-0240,"240 Street, City1"
241,Patient241,Last241,patient241@email.com,555-0241,"241 Street, City2"
242,Patient242,Last242,patient242@email.com,555-0242,"242 Street, City3"
243,Patient243,Last243,patient243@email.com,555-0243,"243 Street, City4"
244,Patient244,Last244,patient244@email.com,555-0244,"244 Street, City5"
245,Patient245,Last245,patient245@email.com,555-0245,"245 Street, City1"
246,Patient246,Last246,patient246@email.com,555-0246,"246 Street, City2"
247,Patient247,Last247,patient247@email.com,555-0247,"247 Street, City3"
248,Patient248,Last248,patient248@email.com,555-0248,"248 Street, City4"
249,Patient249,Last249,patient249@email.com,555-0249,"249 Street, City5"
250,Patient250,Last250,patient250@email.com,555-0250,"250 Street, City1"
251,Patient251,Last251,patient251@email.com,555-0251,"251 Street, City2"
252,Patient252,Last252,patient252@email.com,555-0252,"252 Street, City3"
253,Patient253,Last253,patient253@email.com,555-0253,"253 Street, City4"
254,Patient254,Last254,patient254@email.com,555-0254,"254 Street, City5"
255,Patient255,Last255,patient255@email.com,555-0255,"255 Street, City1"
256,Patient256,Last256,patient256@email.com,555-0256,"256 Street, City2"
257,Patient257,Last257,patient257@email.com,555-0257,"257 Street, City3"
258,Patient258,Last258,patient258@email.com,555-0258,"258 Street, City4"
259,Patient259,Last259,patient259@email.com,555-0259,"259 Street, City5"
260,Patient260,Last260,patient260@email.com,555-0260,"260 Street, City1"
261,Patient261,Last261,patient261@email.com,555-0261,"261 Street, City2"
262,Patient262,Last262,patient262@email.com,555-0262,"262 Street, City3"
263,Patient263,Last263,patient263@email.com,555-0263,"263 Street, City4"
264,Patient264,Last264,patient264@email.com,555-0264,"264 Street, City5"
265,Patient265,Last265,patient265@email.com,555-0265,"265 Street, City1"
266,Patient266,Last266,patient266@email.com,555-0266,"266 Street, City2"
267,Patient267,Last267,patient267@email.com,555-0267,"267 Street, City3"
268,Patient268,Last268,patient268@email.com,555-0268,"268 Street, City4"
269,Patient269,Last269,patient269@email.com,555-0269,"269 Street, City5"
270,Patient270,Last270,patient270@email.com,555-0270,"270 Street, City1"
271,Patient271,Last271,patient271@email.com,555-0271,"271 Street, City2"
272,Patient272,Last272,patient272@email.com,555-0272,"272 Street, City3"
273,Patient273,Last273,patient273@email.com,555-0273,"273 Street, City4"
274,Patient274,Last274,patient274@email.com,555-0274,"274 Street, City5"
275,Patient275,Last275,patient275@email.com,555-0275,"275 Street, City1"
276,Patient276,Last276,patient276@email.com,555-0276,"276 Street, City2"
277,Patient277,Last277,patient277@email.com,555-0277,"277 Street, City3"
278,Patient278,Last278,patient278@email.com,555-0278,"278 Street, City4"
279,Patient279,Last279,patient279@email.com,555-0279,"279 Street, City5"
280,Patient280,Last280,patient280@email.com,555-0280,"280 Street, City1"
281,Patient281,Last281,patient281@email.com,555-0281,"281 Street, City2"
282,Patient282,Last282,patient282@email.com,555-0282,"282 Street, City3"
283,Patient283,Last283,patient283@email.com,555-0283,"283 Street, City4"
284,Patient284,Last284,patient284@email.com,555-0284,"284 Street, City5"
285,Patient285,Last285,patient285@email.com,555-0285,"285 Street, City1"
286,Patient286,Last286,patient286@email.com,555-0286,"286 Street, City2"
287,Patient287,Last287,patient287@email.com,555-0287,"287 Street, City3"
288,Patient288,Last288,patient288@email.com,555-0288,"288 Street, City4"
289,Patient289,Last289,patient289@email.com,555-0289,"289 Street, City5"
290,Patient290,Last290,patient290@email.com,555-0290,"290 Street, City1"
291,Patient291,Last291,patient291@email.com,555-0291,"291 Street, City2"
292,Patient292,Last292,patient292@email.com,555-0292,"292 Street, City3"
293,Patient293,Last293,patient293@email.com,555-0293,"293 Street, City4"
294,Patient294,Last294,patient294@email.com,555-0294,"294 Street, City5"
295,Patient295,Last295,patient295@email.com,555-0295,"295 Street, City1"
296,Patient296,Last296,patient296@email.com,555-0296,"296 Street, City2"
297,Patient297,Last297,patient297@email.com,555-0297,"297 Street, City3"
298,Patient298,Last298,patient298@email.com,555-0298,"298 Street, City4"
299,Patient299,Last299,patient299@email.com,555-0299,"299 Street, City5"
300,Patient300,Last300,patient300@email.com,555-0300,"300 Street, City1"
301,Patient301,Last301,patient301@email.com,555-0301,"301 Street, City2"
302,Patient302,Last302,patient302@email.com,555-0302,"302 Street, City3"
303,Patient303,Last303,patient303@email.com,555-0303,"303 Street, City4"
304,Patient304,Last304,patient304@email.com,555-0304,"304 Street, City5"
305,Patient305,Last305,patient305@email.com,555-0305,"305 Street, City1"
306,Patient306,Last306,patient306@email.com,555-0306,"306 Street, City2"
307,Patient307,Last307,patient307@email.com,555-0307,"307 Street, City3"
308,Patient308,Last308,patient308@email.com,555-0308,"308 Street, City4"
309,Patient309,Last309,patient309@email.com,555-0309,"309 Street, City5"
310,Patient310,Last310,patient310@email.com,555-0310,"310 Street, City1"
311,Patient311,Last311,patient311@email.com,555-0311,"311 Street, City2"
312,Patient312,Last312,patient312@email.com,555-0312,"312 Street, City3"
313,Patient313,Last313,patient313@email.com,555-0313,"313 Street, City4"
314,Patient314,Last314,patient314@email.com,555-0314,"314 Street, City5"
315,Patient315,Last315,patient315@email.com,555-0315,"315 Street, City1"
316,Patient316,Last316,patient316@email.com,555-0316,"316 Street, City2"
317,Patient317,Last317,patient317@email.com,555-0317,"317 Street, City3"
318,Patient318,Last318,patient318@email.com,555-0318,"318 Street, City4"
319,Patient319,Last319,patient319@email.com,555-0319,"319 Street, City5"
320,Patient320,Last320,patient320@email.com,555-0320,"320 Street, City1"
321,Patient321,Last321,patient321@email.com,555-0321,"321 Street, City2"
322,Patient322,Last322,patient322@email.com,555-0322,"322 Street, City3"
323,Patient323,Last323,patient323@email.com,555-0323,"323 Street, City4"
324,Patient324,Last324,patient324@email.com,555-0324,"324 Street, City5"
325,Patient325,Last325,patient325@email.com,555-0325,"325 Street, City1"
326,Patient326,Last326,patient326@email.com,555-0326,"326 Street, City2"
327,Patient327,Last327,patient327@email.com,555-0327,"327 Street, City3"
328,Patient328,Last328,patient328@email.com,555-0328,"328 Street, City4"
329,Patient329,Last329,patient329@email.com,555-0329,"329 Street, City5"
330,Patient330,Last330,patient330@email.com,555-0330,"330 Street, City1"
331,Patient331,Last331,patient331@email.com,555-0331,"331 Street, City2"
332,Patient332,Last332,patient332@email.com,555-0332,"332 Street, City3"
333,Patient333,Last333,patient333@email.com,555-0333,"333 Street, City4"
334,Patient334,Last334,patient334@email.com,555-0334,"334 Street, City5"
335,Patient335,Last335,patient335@email.com,555-0335,"335 Street, City1"
336,Patient336,Last336,patient336@email.com,555-0336,"336 Street, City2"
337,Patient337,Last337,patient337@email.com,555-0337,"337 Street, City3"
338,Patient338,Last338,patient338@email.com,555-0338,"338 Street, City4"
339,Patient339,Last339,patient339@email.com,555-0339,"339 Street, City5"
340,Patient340,Last340,patient340@email.com,555-0340,"340 Street, City1"
341,Patient341,Last341,patient341@email.com,555-0341,"341 Street, City2"
342,Patient342,Last342,patient342@email.com,555-0342,"342 Street, City3"
343,Patient343,Last343,patient343@email.com,555-0343,"343 Street, City4"
344,Patient344,Last344,patient344@email.com,555-0344,"344 Street, City5"
345,Patient345,Last345,patient345@email.com,555-0345,"345 Street, City1"
346,Patient346,Last346,patient346@email.com,555-0346,"346 Street, City2"
347,Patient347,Last347,patient347@email.com,555-0347,"347 Street, City3"
348,Patient348,Last348,patient348@email.com,555-0348,"348 Street, City4"
349,Patient349,Last349,patient349@email.com,555-0349,"349 Street, City5"
350,Patient350,Last350,patient350@email.com,555-0350,"350 Street, City1"
351,Patient351,Last351,patient351@email.com,555-0351,"351 Street, City2"
352,Patient352,Last352,patient352@email.com,555-0352,"352 Street, City3"
353,Patient353,Last353,patient353@email.com,555-0353,"353 Street, City4"
354,Patient354,Last354,patient354@email.com,555-0354,"354 Street, City5"
355,Patient355,Last355,patient355@email.com,555-0355,"355 Street, City1"
356,Patient356,Last356,patient356@email.com,555-0356,"356 Street, City2"
357,Patient357,Last357,patient357@email.com,555-0357,"357 Street, City3"
358,Patient358,Last358,patient358@email.com,555-0358,"358 Street, City4"
359,Patient359,Last359,patient359@email.com,555-0359,"359 Street, City5"
360,Patient360,Last360,patient360@email.com,555-0360,"360 Street, City1"
361,Patient361,Last361,patient361@email.com,555-0361,"361 Street, City2"
362,Patient362,Last362,patient362@email.com,555-0362,"362 Street, City3"
363,Patient363,Last363,patient363@email.com,555-0363,"363 Street, City4"
364,Patient364,Last364,patient364@email.com,555-0364,"364 Street, City5"
365,Patient365,Last365,patient365@email.com,555-0365,"365 Street, City1"
366,Patient366,Last366,patient366@email.com,555-0366,"366 Street, City2"
367,Patient367,Last367,patient367@email.com,555-0367,"367 Street, City3"
368,Patient368,Last368,patient368@email.com,555-0368,"368 Street, City4"
369,Patient369,Last369,patient369@email.com,555-0369,"369 Street, City5"
370,Patient370,Last370,patient370@email.com,555-0370,"370 Street, City1"
371,Patient371,Last371,patient371@email.com,555-0371,"371 Street, City2"
372,Patient372,Last372,patient372@email.com,555-0372,"372 Street, City3"
373,Patient373,Last373,patient373@email.com,555-0373,"373 Street, City4"
374,Patient374,Last374,patient374@email.com,555-0374,"374 Street, City5"
375,Patient375,Last375,patient375@email.com,555-0375,"375 Street, City1"
376,Patient376,Last376,patient376@email.com,555-0376,"376 Street, City2"
377,Patient377,Last377,patient377@email.com,555-0377,"377 Street, City3"
378,Patient378,Last378,patient378@email.com,555-0378,"378 Street, City4"
379,Patient379,Last379,patient379@email.com,555-0379,"379 Street, City5"
380,Patient380,Last380,patient380@email.com,555-0380,"380 Street, City1"
381,Patient381,Last381,patient381@email.com,555-0381,"381 Street, City2"
382,Patient382,Last382,patient382@email.com,555-0382,"382 Street, City3"
383,Patient383,Last383,patient383@email.com,555-0383,"383 Street, City4"
384,Patient384,Last384,patient384@email.com,555-0384,"384 Street, City5"
385,Patient385,Last385,patient385@email.com,555-0385,"385 Street, City1"
386,Patient386,Last386,patient386@email.com,555-0386,"386 Street, City2"
387,Patient387,Last387,patient387@email.com,555-0387,"387 Street, City3"
388,Patient388,Last388,patient388@email.com,555-0388,"388 Street, City4"
389,Patient389,Last389,patient389@email.com,555-0389,"389 Street, City5"
390,Patient390,Last390,patient390@email.com,555-0390,"390 Street, City1"
391,Patient391,Last391,patient391@email.com,555-0391,"391 Street, City2"
392,Patient392,Last392,patient392@email.com,555-0392,"392 Street, City3"
393,Patient393,Last393,patient393@email.com,555-0393,"393 Street, City4"
394,Patient394,Last394,patient394@email.com,555-0394,"394 Street, City5"
395,Patient395,Last395,patient395@email.com,555-0395,"395 Street, City1"
396,Patient396,Last396,patient396@email.com,555-0396,"396 Street, City2"
397,Patient397,Last397,patient397@email.com,555-0397,"397 Street, City3"
398,Patient398,Last398,patient398@email.com,555-0398,"398 Street, City4"
399,Patient399,Last399,patient399@email.com,555-0399,"399 Street, City5"
400,Patient400,Last400,patient400@email.com,555-0400,"400 Street, City1"
401,Patient401,Last401,patient401@email.com,555-0401,"401 Street, City2"
402,Patient402,Last402,patient402@email.com,555-0402,"402 Street, City3"
403,Patient403,Last403,patient403@email.com,555-0403,"403 Street, City4"
404,Patient404,Last404,patient404@email.com,555-0404,"404 Street, City5"
405,Patient405,Last405,patient405@email.com,555-0405,"405 Street, City1"
406,Patient406,Last406,patient406@email.com,555-0406,"406 Street, City2"
407,Patient407,Last407,patient407@email.com,555-0407,"407 Street, City3"
408,Patient408,Last408,patient408@email.com,555-0408,"408 Street, City4"
409,Patient409,Last409,patient409@email.com,555-0409,"409 Street, City5"
410,Patient410,Last410,patient410@email.com,555-0410,"410 Street, City1"
411,Patient411,Last411,patient411@email.com,555-0411,"411 Street, City2"
412,Patient412,Last412,patient412@email.com,555-0412,"412 Street, City3"
413,Patient413,Last413,patient413@email.com,555-0413,"413 Street, City4"
414,Patient414,Last414,patient414@email.com,555-0414,"414 Street, City5"
415,Patient415,Last415,patient415@email.com,555-0415,"415 Street, City1"
416,Patient416,Last416,patient416@email.com,555-0416,"416 Street, City2"
417,Patient417,Last417,patient417@email.com,555-0417,"417 Street, City3"
418,Patient418,Last418,patient418@email.com,555-0418,"418 Street, City4"
419,Patient419,Last419,patient419@email.com,555-0419,"419 Street, City5"
420,Patient420,Last420,patient420@email.com,555-0420,"420 Street, City1"
421,Patient421,Last421,patient421@email.com,555-0421,"421 Street, City2"
422,Patient422,Last422,patient422@email.com,555-0422,"422 Street, City3"
423,Patient423,Last423,patient423@email.com,555-0423,"423 Street, City4"
424,Patient424,Last424,patient424@email.com,555-0424,"424 Street, City5"
425,Patient425,Last425,patient425@email.com,555-0425,"425 Street, City1"
426,Patient426,Last426,patient426@email.com,555-0426,"426 Street, City2"
427,Patient427,Last427,patient427@email.com,555-0427,"427 Street, City3"
428,Patient428,Last428,patient428@email.com,555-0428,"428 Street, City4"
429,Patient429,Last429,patient429@email.com,555-0429,"429 Street, City5"
430,Patient430,Last430,patient430@email.com,555-0430,"430 Street, City1"
431,Patient431,Last431,patient431@email.com,555-0431,"431 Street, City2"
432,Patient432,Last432,patient432@email.com,555-0432,"432 Street, City3"
433,Patient433,Last433,patient433@email.com,555-0433,"433 Street, City4"
434,Patient434,Last434,patient434@email.com,555-0434,"434 Street, City5"
435,Patient435,Last435,patient435@email.com,555-0435,"435 Street, City1"
436,Patient436,Last436,patient436@email.com,555-0436,"436 Street, City2"
437,Patient437,Last437,patient437@email.com,555-0437,"437 Street, City3"
438,Patient438,Last438,patient438@email.com,555-0438,"438 Street, City4"
439,Patient439,Last439,patient439@email.com,555-0439,"439 Street, City5"
440,Patient440,Last440,patient440@email.com,555-0440,"440 Street, City1"
441,Patient441,Last441,patient441@email.com,555-0441,"441 Street, City2"
442,Patient442,Last442,patient442@email.com,555-0442,"442 Street, City3"
443,Patient443,Last443,patient443@email.com,555-0443,"443 Street, City4"
444,Patient444,Last444,patient444@email.com,555-0444,"444 Street, City5"
445,Patient445,Last445,patient445@email.com,555-0445,"445 Street, City1"
446,Patient446,Last446,patient446@email.com,555-0446,"446 Street, City2"
447,Patient447,Last447,patient447@email.com,555-0447,"447 Street, City3"
448,Patient448,Last448,patient448@email.com,555-0448,"448 Street, City4"
449,Patient449,Last449,patient449@email.com,555-0449,"449 Street, City5"
450,Patient450,Last450,patient450@email.com,555-0450,"450 Street, City1"
451,Patient451,Last451,patient451@email.com,555-0451,"451 Street, City2"
452,Patient452,Last452,patient452@email.com,555-0452,"452 Street, City3"
453,Patient453,Last453,patient453@email.com,555-0453,"453 Street, City4"
454,Patient454,Last454,patient454@email.com,555-0454,"454 Street, City5"
455,Patient455,Last455,patient455@email.com,555-0455,"455 Street, City1"
456,Patient456,Last456,patient456@email.com,555-0456,"456 Street, City2"
457,Patient457,Last457,patient457@email.com,555-0457,"457 Street, City3"
458,Patient458,Last458,patient458@email.com,555-0458,"458 Street, City4"
459,Patient459,Last459,patient459@email.com,555-0459,"459 Street, City5"
460,Patient460,Last460,patient460@email.com,555-0460,"460 Street, City1"
461,Patient461,Last461,patient461@email.com,555-0461,"461 Street, City2"
462,Patient462,Last462,patient462@email.com,555-0462,"462 Street, City3"
463,Patient463,Last463,patient463@email.com,555-0463,"463 Street, City4"
464,Patient464,Last464,patient464@email.com,555-0464,"464 Street, City5"
465,Patient465,Last465,patient465@email.com,555-0465,"465 Street, City1"
466,Patient466,Last466,patient466@email.com,555-0466,"466 Street, City2"
467,Patient467,Last467,patient467@email.com,555-0467,"467 Street, City3"
468,Patient468,Last468,patient468@email.com,555-0468,"468 Street, City4"
469,Patient469,Last469,patient469@email.com,555-0469,"469 Street, City5"
470,Patient470,Last470,patient470@email.com,555-0470,"470 Street, City1"
471,Patient471,Last471,patient471@email.com,555-0471,"471 Street, City2"
472,Patient472,Last472,patient472@email.com,555-0472,"472 Street, City3"
473,Patient473,Last473,patient473@email.com,555-0473,"473 Street, City4"
474,Patient474,Last474,patient474@email.com,555-0474,"474 Street, City5"
475,Patient475,Last475,patient475@email.com,555-0475,"475 Street, City1"
476,Patient476,Last476,patient476@email.com,555-0476,"476 Street, City2"
477,Patient477,Last477,patient477@email.com,555-0477,"477 Street, City3"
478,Patient478,Last478,patient478@email.com,555-0478,"478 Street, City4"
479,Patient479,Last479,patient479@email.com,555-0479,"479 Street, City5"
480,Patient480,Last480,patient480@email.com,555-0480,"480 Street, City1"
481,Patient481,Last481,patient481@email.com,555-0481,"481 Street, City2"
482,Patient482,Last482,patient482@email.com,555-0482,"482 Street, City3"
483,Patient483,Last483,patient483@email.com,555-0483,"483 Street, City4"
484,Patient484,Last484,patient484@email.com,555-0484,"484 Street, City5"
485,Patient485,Last485,patient485@email.com,555-0485,"485 Street, City1"
486,Patient486,Last486,patient486@email.com,555-0486,"486 Street, City2"
487,Patient487,Last487,patient487@email.com,555-0487,"487 Street, City3"
488,Patient488,Last488,patient488@email.com,555-0488,"488 Street, City4"
489,Patient489,Last489,patient489@email.com,555-0489,"489 Street, City5"
490,Patient490,Last490,patient490@email.com,555-0490,"490 Street, City1"
491,Patient491,Last491,patient491@email.com,555-0491,"491 Street, City2"
492,Patient492,Last492,patient492@email.com,555-0492,"492 Street, City3"
493,Patient493,Last493,patient493@email.com,555-0493,"493 Street, City4"
494,Patient494,Last494,patient494@email.com,555-0494,"494 Street, City5"
495,Patient495,Last495,patient495@email.com,555-0495,"495 Street, City1"
496,Patient496,Last496,patient496@email.com,555-0496,"496 Street, City2"
497,Patient497,Last497,patient497@email.com,555-0497,"497 Street, City3"
498,Patient498,Last498,patient498@email.com,555-0498,"498 Street, City4"
499,Patient499,Last499,patient499@email.com,555-0499,"499 Street, City5"
500,Patient500,Last500,patient500@email.com,555-0500,"500 Street, City1"
